skill,status,artifacts,run_records,actual_data,metrics,frontend_replay
jupyter-notebook,installed and executed,"[""ml_experiments/corpus_baselines.ipynb""]","[""runs/notebook-execution.json""]","{""raw"": 2647, ""review_scored"": 300}","{""n"": 300, ""accuracy"": 0.9166666666666666, ""macro_f1"": 0.8252196406515813, ""interpretation"": ""strict-rule agreement, not human accuracy""}","Persona Lab comparison; notebook has executed outputs, not embedded interactive notebook"
playwright,installed; existing browser attach unavailable,[],"[""runs/playwright-attach-preflight.json"", ""runs/browser-verification.json""]","{""sessions"": 0, ""automated_e2e_runs"": 0}",,Partial authorized native Chrome inspection; full Playwright replay pending
screenshot,installed; system permission preflight rejected,"[""data/evidence/nvidia-q2-fy2027-income-statement.png""]","[""runs/official-pdf-capture.json"", ""runs/browser-verification.json""]","{""os_screenshot_runs"": 0, ""source_pdf_pages_rendered"": 1}",,"Persona Lab issuer page image; PDF rendering is a distinct fallback, not execution of screenshot skill"
x-twitter-scraper / Xquik,"selected, installed, disabled","[""data/raw_posts.jsonl"", ""data/clean_posts.jsonl"", ""skill-audit/credential-scope-test.json""]","[""skill-audit/skills.lock.json""]","{""new_x_requests"": 0, ""existing_import_raw"": 2647, ""existing_import_clean"": 1825}",,Corpus Explorer shows imported source files; no claim that Xquik produced them
huggingface-trackio,installed and executed locally,"[""ml_experiments/trackio""]","[""ml_experiments/run_summary.json""]","{""A"": 300, ""B"": 360}","{""stylometry"": {""n"": 360, ""accuracy"": 0.7638888888888888, ""macro_precision"": 0.7210907739000391, ""macro_recall"": 0.7176889515870761, ""macro_f1"": 0.7162921825731821}, ""embedding"": {""n"": 360, ""accuracy"": 0.7083333333333334, ""macro_precision"": 0.6451261143726897, ""macro_recall"": 0.6429168903202719, ""macro_f1"": 0.6425338999334235}, ""combined"": {""n"": 360, ""accuracy"": 0.8111111111111111, ""macro_precision"": 0.7612652929090485, ""macro_recall"": 0.7582243444881978, ""macro_f1"": 0.7594759304915617}, ""majority"": {""n"": 360, ""accuracy"": 0.225, ""macro_precision"": 0.0375, ""macro_recall"": 0.16666666666666666, ""macro_f1"": 0.06122448979591837}, ""language_only"": {""n"": 360, ""accuracy"": 0.41944444444444445, ""macro_precision"": 0.22690298305451792, ""macro_recall"": 0.3293542725732268, ""macro_f1"": 0.22596410353895383}}",Persona Lab actual metric tables; Trackio records local only
train-sentence-transformers,"evaluated, deferred","[""ml_experiments/embedding_manifest.json""]","[""ml_experiments/run_summary.json""]","{""frozen_embedding_posts"": 2647, ""finetuning_runs"": 0}","{""n"": 300, ""accuracy"": 0.9266666666666666, ""macro_precision"": 0.8201923076923077, ""macro_recall"": 0.8503787878787878, ""macro_f1"": 0.8342707914825231}",Frozen-model results only; no training claim
huggingface-community-evals,"evaluated, deferred","[""ml_experiments/A_finance_classification.json"", ""ml_experiments/B_authorship.json""]","[""ml_experiments/run_summary.json""]","{""community_eval_runs"": 0}",,"Project-specific local tests are separately reported, not community benchmark results"
yfinance-data,installed and used; financial comparison qualified,"[""data/finance_supplement/nvda.json"", ""data/finance_supplement/earnings-recap-and-estimate-analysis.json""]","[""runs/api_run_ledger.jsonl"", ""runs/official-pdf-capture.json""]","{""tickers"": 1, ""earnings_history_rows"": 4, ""earnings_estimate_rows"": 4, ""revenue_estimate_rows"": 4, ""sdk_operations"": 3}","{""GAAP_EPS"": 2.46, ""nonGAAP_EPS"": 2.22, ""consensus_basis_independently_verified"": false}","Persona Lab, issuer 10-Q image and basis comparison"
earnings-recap,installed and used; financial comparison qualified,"[""data/finance_supplement/nvda.json"", ""data/finance_supplement/earnings-recap-and-estimate-analysis.json""]","[""runs/api_run_ledger.jsonl"", ""runs/official-pdf-capture.json""]","{""tickers"": 1, ""earnings_history_rows"": 4, ""earnings_estimate_rows"": 4, ""revenue_estimate_rows"": 4, ""sdk_operations"": 3}","{""GAAP_EPS"": 2.46, ""nonGAAP_EPS"": 2.22, ""consensus_basis_independently_verified"": false}","Persona Lab, issuer 10-Q image and basis comparison"
estimate-analysis,installed and used; financial comparison qualified,"[""data/finance_supplement/nvda.json"", ""data/finance_supplement/earnings-recap-and-estimate-analysis.json""]","[""runs/api_run_ledger.jsonl"", ""runs/official-pdf-capture.json""]","{""tickers"": 1, ""earnings_history_rows"": 4, ""earnings_estimate_rows"": 4, ""revenue_estimate_rows"": 4, ""sdk_operations"": 3}","{""GAAP_EPS"": 2.46, ""nonGAAP_EPS"": 2.22, ""consensus_basis_independently_verified"": false}","Persona Lab, issuer 10-Q image and basis comparison"
SEC EDGAR MCP,audited and installed; identity preflight blocks execution,"[""scripts/sec_mcp_entry.py"", ""skill-audit/sec-edgar-mcp.disabled.json""]","[""runs/sec-mcp-preflight.json""]","{""SEC_network_requests"": 0}",,No SEC live replay; issuer-hosted source is separately identified
financial-persona-distillation,"created, validated and used; quality gate incomplete","[""knowledge_profiles"", ""style_profiles"", ""content_habit_profiles"", ""personas"", ""generated_samples"", ""cross_language_tests""]","[""ml_experiments/run_summary.json"", ""ml_experiments/D_guarded_generation_ablation.json"", ""runs/automated-editorial-reviews.json""]","{""profiles_per_type"": 12, ""personas"": 3, ""human_reviews"": 0, ""guarded_passed"": 7, ""guarded_failed"": 23}","{""stylometry"": {""n"": 360, ""accuracy"": 0.7638888888888888, ""macro_precision"": 0.7210907739000391, ""macro_recall"": 0.7176889515870761, ""macro_f1"": 0.7162921825731821}, ""embedding"": {""n"": 360, ""accuracy"": 0.7083333333333334, ""macro_precision"": 0.6451261143726897, ""macro_recall"": 0.6429168903202719, ""macro_f1"": 0.6425338999334235}, ""combined"": {""n"": 360, ""accuracy"": 0.8111111111111111, ""macro_precision"": 0.7612652929090485, ""macro_recall"": 0.7582243444881978, ""macro_f1"": 0.7594759304915617}, ""majority"": {""n"": 360, ""accuracy"": 0.225, ""macro_precision"": 0.0375, ""macro_recall"": 0.16666666666666666, ""macro_f1"": 0.06122448979591837}, ""language_only"": {""n"": 360, ""accuracy"": 0.41944444444444445, ""macro_precision"": 0.22690298305451792, ""macro_recall"": 0.3293542725732268, ""macro_f1"": 0.22596410353895383}}",Corpus Explorer / Persona Lab / Live Studio / Update & Handoff
